genetic_id,group_id,locality,country,region,lat,lon,date_bp,full_date,alpha_Nea,alpha_SE,alpha_lcb,alpha_ucb,alpha_nSNP,D_Nea_Z,D_Den_Z,coverage,snps_hit,assessment,data_type,high_conf
Oase1_d.AG.BY.AA,Romania_IUP,"Oase Cave (Caraș-Severin, Anina)",Romania,Europe,45.12,21.9,39982.0,"39956-35756 calBCE (34950±990 BP) [R_Combine: (34290±970-870 BP, GrA-22810), (>35200 BP, OxA-11711)]",0.097978,0.021787,0.055275479999999995,0.14068052,25775,4.354,1.297,0.051,55822.0,Pass,AA,False
I6558.AG,Ukraine_DonetsBasin_Eneolithic_SeredniiStih-3,"Оleksandria (Donets Basin, Kharkiv Region, Kupianskyi District)",Ukraine,Europe,49.5406778,37.6979944,5456.0,"3636-3372 calBCE (4730±60 BP, Ki-8301)",0.081608,0.023636,0.03528144,0.12793456,15162,2.671,1.012,0.08558549,33424.0,Pass,AG,False
WEZ39.SG,Germany_Tollensebattlefield_BA,"Tollense-battlefield (Mecklenburg-Vorpommern, Mecklenburg-Vorpommern, Mecklenburgische Seenplatte)",Germany,Europe,53.74,13.31,3200.0,1300-1200 BCE,0.080713,0.020645,0.040248799999999994,0.12117719999999998,16233,1.952,0.679,0.05283325,37172.0,Pass,SG,False
I18733.AG,Croatia_MLBA,"Bezdanjača Cave (Lika-Senj County, Općina Vrhovine)",Croatia,Europe,44.8520052,15.4199444,3100.0,1500-800 BCE,0.078408,0.02208,0.03513120000000001,0.12168480000000001,15928,3.508,1.694,0.03575578,36289.0,Pass,AG,False
GER003_d.AG,Spain_Gravettian,"Mollet III (Catalonia, Girona, Serinyà)",Spain,Europe,42.1686,2.7445,27203.0,"25372-25126 calBCE (22860±80 BP, ETH-66710)",0.077066,0.017301,0.04315603999999999,0.11097596,26251,3.86,1.477,0.0512,56200.0,Pass,AG,False
I3525.AG,Hungary_LateC_EBA_Yamnaya,"Sárrétudvari-Őrhalom (Hajdú-Bihar County, Püspökladány)",Hungary,Europe,47.24207,21.19861,4675.0,2950-2500 BCE,0.07502,0.021568,0.03274672,0.11729328,15940,3.966,0.875,0.03401675,35743.0,Pass,AG,False
CGG_2_106040.SG,Denmark_SdrTranderAalborg_PreImperialRoman,"Sdr. Trander, Aalborg (Jutland)",Denmark,Europe,57.0508547,9.90639486,1764.0,1-200 calCE (1850±100 BP),0.072427,0.021467,0.030351680000000006,0.11450232,14518,1.689,-0.673,0.0288,32593.0,PROVISIONAL_PASS,SG,False
VK247.SG,Denmark_Viking-o,Lejre (Zealand Region),Denmark,Europe,55.6,11.95,1075.0,850-900 CE,0.071378,0.021441,0.029353639999999993,0.11340236000000001,22385,3.965,2.056,0.05731598,48431.0,Pass,SG,False
CAN.019.SG,Spain_LaFortaleza_LateAntiquity,"La Fortaleza (Canary Islands Islands, Gran Canaria Region)",Spain,Unknown,,,1370.0,"481-646 calCE (1496±33 BP, D-AMS 021461)",0.070972,0.019905,0.0319582,0.1099858,14455,2.673,0.177,0.0284,32179.0,PROVISIONAL_PASS,SG,False
I5504.AG,England_Anglian,"Pocklington (England, East Yorkshire)",United Kingdom,Europe,53.919396,-0.766635,1350.0,400-800 CE,0.070124,0.016779,0.03723716000000001,0.10301083999999999,28150,1.972,1.233,0.06091659,64651.0,Pass,AG,False
DayindongM1_LowCov.AG,China_LBA,"Dayindong (Yunnan, East_YN)",China,East Asia,24.0,105.0,3300.0,1500-1200 calBCE,0.070001,0.025355,0.020305199999999995,0.11969679999999999,14454,1.976,1.671,0.0327,34268.0,PROVISIONAL_PASS,AG,False
MA1864.SG,Italy_Sicily_Epigravettian,"San Teodoro (Sicily, Messina)",Italy,Europe,37.85,14.7,12200.0,12000-8500 BCE,0.068146,0.015209,0.03833636,0.09795564,40944,3.138,1.804,,88404.0,Pass,SG,False
I17611.AG,Czechia_LBA,"Hostivice-Palouky (Central Bohemian Region, Prague-West District)",Czechia,Europe,50.07885,14.280243,3050.0,1300-900 BCE,0.067717,0.02093,0.0266942,0.1087398,17415,1.383,-1.304,0.04030022,40809.0,Pass,AG,False
pcw110.SG,Poland_CordedWare,"Szczytna (Subcarpathian Province, Jarosław County, Pawłosiów)",Poland,Europe,50.011944,22.594167,4300.0,2500-2200 BCE,0.067285,0.020497,0.027110879999999997,0.10745911999999999,21377,1.688,2.221,0.05022514,46210.0,Pass,SG,False
I4616.AG,Turkey_BA,"Tatika (Southeast, Şırnak, Güçlükonak, Koçtepe köyü)",Turkey,Europe,37.5432,41.8662,4678.0,"2871-2581 calBCE (4130±30 BP, PSUAMS-3064)",0.067048,0.025516,0.01703664,0.11705936,13623,2.325,0.949,0.02973304,31035.0,Pass,AG,False
cambridgeshire106.SG,England_Cambridgeshire_Medieval,Cambridgeshire (England),United Kingdom,Europe,52.205,0.1225,700.0,1000-1500 CE,0.066293,0.019388,0.02829252000000001,0.10429348,19381,2.023,1.861,0.0381,42994.0,Pass,SG,False
I20072.TW,Moldova_Eneolithic_Cernavoda_Skelya_SeredniiStih_II,Giurgiuleşti (Cahul Distict),Moldova,Europe,45.495589,28.221075,6168.0,"4330-4058 calBCE (5370±26 BP, MAMS-23175)",0.066078,0.020487,0.02592348,0.10623252,14027,2.167,1.019,0.04164903,31873.0,Questionable,TW,False
NEO33.SG,Denmark_MN-oWHG,Vittrup (Jutland Region),Denmark,Europe,57.391,9.761,5133.0,"3353-3102 calBCE (4513±19 BP, UBA-39121; UBA-29904)",0.06554,0.020428,0.025501119999999995,0.10557888000000001,22949,4.242,1.353,0.065,51361.0,Pass,SG,False
I0725.AG,Turkey_N,"Menteşe (Marmara, Bursa, Yenişehir)",Turkey,Europe,40.26,29.65,7950.0,6400-5600 BCE,0.065056,0.017964,0.02984656,0.10026544000000001,19970,2.902,0.501,0.0431256,45416.0,Pass,AG,False
poz637.SG,Ukraine_LBA,"Kordyshiv-8 (Ternopil Oblast, Kremenets District)",Ukraine,Europe,50.091,26.057,3532.0,"1686-1504 calBCE (3315±35, Poz-83756)",0.064846,0.018358,0.028864320000000006,0.10082768,18057,3.245,1.664,0.0358,40432.0,Pass,SG,False
DA207.SG,Kazakhstan_EarlyModern_KazakhKhanate,"Konyrtobe (Turkistan Region, Keles District)",Kazakhstan,Central Asia / Steppe,41.415234,68.798064,200.0,1650-1850 CE,0.064649,0.012873,0.039417919999999995,0.08988008,36358,3.251,0.024,0.08721067,80224.0,Pass,SG,False
NEO571.SG,Denmark_EN,Grøfte (Zealand Region),Denmark,Europe,55.404,11.497,5495.0,"3652-3527 calBCE (4828±35 BP, UBA-38228)",0.064555,0.015656,0.03386924,0.09524076000000001,22408,2.348,0.898,0.0426,46250.0,Pass,SG,False
M79_wcg.TW,Henan_Wangchenggang,"Wangchenggang (Henan, Dengfeng City, Gaocheng Town, Bafang Village)",China,East Asia,34.458,113.032,3700.0,1950-1550 BCE,0.063812,0.012824,0.038676959999999996,0.08894703999999999,33842,4.378,1.697,0.0666,73383.0,Pass,TW,False
NEO650.SG,Spain_C,"El Toral-3 (Principado de Asturias, Asturias, Llanes)",Spain,Europe,43.402,-4.707,4096.0,"2334-2047 calBCE (3779±32 BP, UBA-40602)",0.063676,0.016465,0.0314046,0.09594739999999999,33055,2.436,-0.653,0.0664,73091.0,Pass,SG,False
cambridgeshire501.SG,England_Cambridgeshire_Medieval,Cambridgeshire (England),United Kingdom,Europe,52.205,0.1225,700.0,1000-1500 CE,0.063613,0.017732,0.02885828,0.09836772,22673,4.084,1.511,0.0451,50731.0,Pass,SG,False
DOG010_d.AG,Netherlands_Mesolithic,"Maasvlakte-2 (North Sea, Doggerland)",Netherlands,Europe,52.01,3.53,8699.0,"7030-6596 calBCE (7870±45 BP, GrA-63799)",0.063502,0.021173,0.022002920000000002,0.10500108,16726,3.42,1.356,0.0348,38632.0,Pass,AG,False
IKI030.AG,Turkey_C,"İkiztepe (Samsun, Bafra)",Turkey,Europe,41.6136944,35.8711361,5397.0,"3513-3359 calBCE (4635±26 BP, MAMS-40679)",0.063063,0.018886,0.026046439999999997,0.10007955999999998,19214,1.616,0.237,0.04572242,44086.0,Pass,AG,False
GoyetQ-2_d.AG,Belgium_Magdalenian,"Goyet Cave (Wallonia Region, Namur Province, Gesves Municipality, Troisième caverne)",Belgium,Europe,50.446,5.008,15077.0,"13305-12976 calBCE (12650±50 BP, GrA-46168)",0.060571,0.012298,0.03646692,0.08467508,42320,3.665,1.022,0.1101,95052.0,Pass,AG,False
ARO013.AG,Georgia_Arukhlo2_N_Caucasus,Arukhlo 2 (Kvemo Kartli Region),Georgia,Europe,41.469597,44.679196,7485.0,"5612-5480 calBCE (6590±22 BP, MAMS-42359)",0.060126,0.013551,0.03356604,0.08668596,24128,2.266,1.561,0.0522,54194.0,Pass,AG,False
NEO594.SG,Denmark_MN,Neverkær Mose (Funen Region),Denmark,Europe,55.391,10.078,5138.0,"3363-3102 calBCE (4528±28 BP, UBA-37886; UBA-38232)",0.059793,0.01832,0.0238858,0.0957002,29917,2.178,-0.46,0.0603,66107.0,Pass,SG,False
LEO040.AG,Austria_Avar,"Leobersdorf (Lower Austria, Baden District)",Austria,Europe,47.916667,16.216667,1225.0,650-800 CE,0.059524,0.018156,0.023938240000000006,0.09510975999999999,27117,3.528,1.406,1.402,61133.0,Pass,AG,False
NEO757.SG,Denmark_EN,"Sejerby (Sjælland, Kalundborg)",Denmark,Europe,55.902,11.118,5412.0,"3636-3377 calBCE (4746±45 BP, UBA-35721)",0.059344,0.012236,0.03536144,0.08332656,45817,3.214,0.912,0.1342,100507.0,Pass,SG,False
LSC005.SG,Italy_Lazio,"Grotta La Sassa (Lazio, Latino, Sonnino)",Italy,Europe,41.425119,13.236332,4633.0,"2868-2497 calBCE (4097±39 BP, UBA-41605)",0.05923,0.01157,0.036552799999999996,0.0819072,65026,4.725,0.052,0.15736387,139494.0,Pass,SG,False
CCH294.SG,Turkey_N,"Çatalhöyük (Konya, Çumra)",Turkey,Europe,37.6661,32.8257,8500.0,7100-6000 BCE,0.058316,0.020866,0.01741864,0.09921336,21126,1.95,0.829,0.15840155,39391.0,Pass,SG,False
MGS290.AG,Austria_Avar,"Mödling-An der Goldenen Stiege (Lower Austria, Mödling District)",Austria,Europe,48.08152,16.28535,1225.0,650-800 CE,0.058257,0.021959,0.015217360000000006,0.10129664,18055,3.187,0.797,0.6066,39257.0,Pass,AG,False
I7895.AG,Slovakia_N_LBK,"Nitra-Mlynárce (Nitra Region, Nitra District, Nitra)",Slovakia,Europe,48.317816,18.049592,6975.0,5250-4800 BCE,0.058256,0.020267,0.018532680000000003,0.09797932000000001,20538,3.058,0.513,0.04359056,46919.0,Pass,AG,False
I17968.AG.TW,Netherlands_EN_LateMesolithic_Swifterbant,"Het Klooster (Utrecht, Nieuwegein)",Netherlands,Europe,52.02,5.124,6750.0,4950-4650 BCE,0.057934,0.015042,0.02845168,0.08741631999999999,27764,3.653,1.417,0.0595,62134.0,Pass,TW,False
ROT006.AG,Russia_Rostovka_EMBA_Irtysh_SeimaTurbino,"Rostovka (Omsk Oblast, Omsk District, Rostovka Village)",Russia,Siberia,55.029025,73.572794,3975.0,2200-1850 BCE,0.057533,0.023597,0.011282880000000002,0.10378312,16558,2.682,0.402,0.0325,35894.0,Pass,AG,False
SuogangB3.AG,China_Penghu_Suogang_LN,"Suogang (Penghu Island, Magong City)",China,East Asia,23.5,119.6,4575.0,2900-2350 BCE,0.057421,0.020932,0.016394280000000004,0.09844771999999999,13479,2.468,-0.281,,30610.0,PROVISIONAL_PASS,AG,False
cambridgeshire1156.SG,England_Cambridgeshire_Medieval,Cambridgeshire (England),United Kingdom,Europe,52.205,0.1225,700.0,1000-1500 CE,0.057381,0.021509,0.015223359999999998,0.09953864000000001,16285,1.556,1.352,0.0323,36452.0,Pass,SG,False
I19022.AG,Croatia_MBA_Cetina,"Cetina-Valley (Šibenik-Knin County, Općina Civljane)",Croatia,Europe,43.9672237,16.4326708,3550.0,1700-1500 BCE,0.057261,0.018557,0.020889279999999996,0.09363272,23237,2.586,1.213,0.05078309,52631.0,Pass,AG,False
I1690.AG,Israel_Natufian,Raqefet Cave (Haifa District),Israel,Near East / Anatolia,32.65,35.067,12700.0,12000-9500 BCE,0.057244,0.020766,0.016542640000000004,0.09794536000000001,13595,3.511,0.637,0.02991816,30183.0,Pass,AG,False
PCA0400.SG,Poland_EarlyMedieval_Slav,"Santok (Lubusz Province, Gorzów Wielkopolski, Santok)",Poland,Europe,52.74,15.41,850.0,1000-1200 CE,0.057244,0.016343,0.025211720000000007,0.08927628,29259,3.106,0.518,0.0594,66164.0,Pass,SG,False
MGS358.AG,Austria_Avar,"Mödling-An der Goldenen Stiege (Lower Austria, Mödling District)",Austria,Europe,48.08152,16.28535,1225.0,650-800 CE,0.057058,0.019818,0.018214720000000004,0.09590127999999999,21332,1.514,-1.239,1.3105,47575.0,Pass,AG,False
poz535.SG,Poland_BA,"Świniary Stare-1 (Świętokrzyskie Province, Sandomierz County, Łoniów)",Poland,Europe,50.536,21.53,3150.0,1300-1100 BCE,0.056896,0.023173,0.011476920000000002,0.10231508,13976,2.002,-0.475,0.0266,30162.0,Questionable,SG,False
CGG_2_105325.SG,Denmark_Lundbjerggard_Roman,Lundbjerggård (Zealand/ Region Hovedstaden),Denmark,Europe,55.6272,12.1338,1693.0,1-375 calCE (1762±188 BP),0.056739,0.020729,0.01611016,0.09736784,13592,2.141,2.094,0.0268,30482.0,PROVISIONAL_PASS,SG,False
I8528.AG,Turkmenistan_C,"Geoksyur (Ahai Region, Tejen)",Turkmenistan,Caucasus / W. Central Asia,37.1907,61.0343,5050.0,3400-2800 BCE,0.056656,0.022209,0.013126359999999997,0.10018563999999999,13734,3.017,0.432,0.02949839,30748.0,Questionable,AG,False
PCA0531.SG,Poland_IA_Wielbark,"Czarnówko (Pomeranian Province, Lębork County, Nowa Wieś Lęborska)",Poland,Europe,54.56,17.69,1750.0,100-300 CE,0.056483,0.024224,0.009003959999999998,0.10396204,14304,1.768,-0.136,0.0279,31557.0,Pass,SG,False
HongtupoM3_LowCov.AG,China_Roman,"Hongtupo (Yunnan, West_YN)",China,East Asia,25.6,100.36,1900.0,100 calBCE - 200 calCE,0.056285,0.019848,0.017382920000000003,0.09518708000000001,18228,3.361,0.039,0.0401,42575.0,PROVISIONAL_PASS,AG,False
S123.EC,China_Shaanxi_Wuzhuangguoliang_LN,Wuzhuangguoliang (Shaanxi),China,East Asia,37.8206037,109.050593,5050.0,3400-2800 BCE,0.056089,0.020067,0.016757679999999997,0.09542032,17666,2.949,0.457,0.18162951,42476.0,Pass,EC,False
I11304.AG,Spain_MLN,"Cova de la Guineu (Catalonia, Barcelona, Font-rubí)",Spain,Europe,41.4391,1.5733,4900.0,3400-2500 BCE,0.056087,0.016668,0.023417720000000003,0.08875627999999999,31478,2.903,0.099,0.06691586,70430.0,Pass,AG,False
CGG_2_015491.SG,Sweden_Hojagard_IA_Jastorf,Höja gård (Southern Sweden/ Skåne),Sweden,Europe,55.58,13.069,1935.0,"149 calBCE-75 calCE (1987±112 BP, UBA-39936)",0.055872,0.012061,0.03223244,0.07951156,41448,5.018,1.553,0.0835,88030.0,PROVISIONAL_PASS,SG,False
BSB004.AG,Kazakhstan_IA_Sarmatian-3,"Bisoba (Aqtöbe Region, Martök District, Rodinkovka vilage)",Kazakhstan,Caucasus / W. Central Asia,50.65421,57.170474,2300.0,500-200 BCE,0.055572,0.017101,0.022054040000000004,0.08908996,23403,0.763,1.075,0.05323042,54748.0,Pass,AG,False
C1258.AG,China_Xinjiang_Liushui_IA,"Liushui (Xinjiang, Hetian(Hotan / Khotan) Region, Yutian (Keriya) County)",China,South Asia,36.46,81.95,2895.0,1042-848 calBCE,0.055512,0.017671,0.02087684,0.09014716,18624,1.176,0.819,0.043196,44585.0,Pass,AG,False
I16584.AG,Turkey_ImperialRoman,"Apollonia (Bursa, Nilüfer)",Turkey,Europe,40.18,28.69,1900.0,100 BCE - 200 CE,0.055449,0.023588,0.009216519999999999,0.10168147999999999,17236,1.564,-1.59,0.03761823,39426.0,Pass,AG,False
I20813.AG,France_GrandEst_IA2,"Chemin de Coupetz (Grand Est Region, Marne Department, Châlons-en-Champagne Arrondissement)",France,Europe,48.80181,4.27874,2200.0,300-200 BCE,0.055419,0.021571,0.013139840000000007,0.09769816,14844,2.391,-0.015,0.03373864,33419.0,Pass,AG,False
SGR002.SG,Italy_Apulia_IA_a_IA_b_Daunian,"San Giovanni Rotondo (Apulia, Foggia)",Italy,Europe,41.7,15.7333,2541.0,"751-415 calBCE (2451±22 BP, UBA-45182)",0.055357,0.010696,0.03439284,0.07632116,48151,5.42,1.759,0.11460154,106447.0,Questionable,SG,False
DA30_d.SG,Kazakhstan_Sarmatian,"Naurzum (Kostanay Region, Nauyrzym District)",Kazakhstan,Central Asia / Steppe,51.555563,64.705221,1948.0,"96 calBCE - 114 calCE (2013±32 BP, UBA-31152)",0.055259,0.006669,0.042187760000000005,0.06833024,149411,4.984,1.544,0.3557,331412.0,Pass,SG,False
I6920.AG,Russia_Volgograd_EBA_Yamnaya-o,"Tsatsa (Volgograd Oblast, Svetloyarsky District, Tsatsa Village)",Russia,Europe,48.1833333,44.6666667,4850.0,3300-2500 BCE,0.055138,0.023953,0.008190120000000002,0.10208587999999999,17385,2.802,0.098,0.03613036,39110.0,Pass,AG,False
J58_Hui.SG,England_Cambridgeshire_Medieval_EarlyModern,Cambridgeshire (England),United Kingdom,Europe,52.205,0.1225,225.0,1550-1900 CE,0.054968,0.010824,0.03375296,0.07618304000000001,68673,3.135,0.237,0.1449,154218.0,Pass,SG,False
NEO76.SG,Russia_Omsk_Eneolithic,"Ostrov-2 (Omsk Oblast, Omsk Municipality)",Russia,Central Asia / Steppe,54.9727306,73.365825,4707.0,"2906-2697 calBCE (4225±29 BP, UBA-39948)",0.054776,0.020807,0.013994279999999998,0.09555772,21422,2.724,0.066,0.0425,46838.0,Pass,SG,False
cambridgeshire723.SG,England_Cambridgeshire_Medieval,Cambridgeshire (England),United Kingdom,Europe,52.205,0.1225,700.0,1000-1500 CE,0.054594,0.014961,0.025270439999999998,0.08391756,25330,1.921,-0.685,0.0503,56409.0,Pass,SG,False
I11850.AG.TW,Ukraine_Odesa_EBA,"Odesa (Odesa Oblast, Odesa District)",Ukraine,Europe,46.48,30.72,4699.0,"2874-2630 calBCE (4150±25 BP, PSUAMS-11224)",0.053998,0.017778,0.019153120000000003,0.08884287999999999,25761,1.959,-0.063,0.0552493,58214.0,Pass,TW,False
I10940.AG,Gibraltar_EBA,Bray Cave (Upper Rock Nature Reserve),Gibraltar,Europe,36.132004,-5.343773,3600.0,1900-1400 BCE,0.053982,0.025625,0.0037570000000000034,0.104207,13830,1.409,-0.874,0.0325341,32817.0,Pass,AG,False
M4.SG,China_NorthwestXinjiang_Shirenzigou_IA-1,Shirenzigou (Northwest Xinjiang),China,Central Asia / Steppe,43.6097,93.1667,2227.0,379-197 calBCE (2215±25 BP),0.053918,0.015655,0.023234200000000003,0.0846018,21871,2.428,-1.124,0.04878072,48532.0,Pass,SG,False
Pavlov1.AG,Czechia_Gravettian,"Dolní Věstonice (South Moravian Region, Břeclav District)",Czechia,Europe,48.877778,16.652222,30350.0,29300-27500 BCE,0.053813,0.020213,0.014195520000000003,0.09343048,19825,2.732,1.397,0.0414,45173.0,PROVISIONAL_PASS,AG,False
TIM008.SG,Russia_Ivanovo_BA,"Timofeyevka (Ivanovo Oblast, Ilyinsky District, Timofeyevka Village)",Russia,Europe,57.1344739,39.9757137,4473.0,"2574-2470 calBCE (4008±20 BP) [R_Combine: (3990±25 BP, PSUAMS-4112), (4036±32 BP, UBA-41637)]",0.05357,0.014369,0.02540676,0.08173324,57141,3.245,0.966,0.14416337,125869.0,Pass,SG,False
EV16A.SG,Italy_Monteriggioni_IA_Etruscan,"Monteriggioni (Tuscany, Siena)",Italy,Europe,43.3897,11.2245,2549.0,700-500 BCE,0.053539,0.021094,0.012194759999999999,0.09488324000000001,15994,3.224,0.216,0.0311,35204.0,Pass,SG,False
NEO857.SG,Denmark_LN,Lollikehuse (Zealand Region),Denmark,Europe,55.758,12.007,3661.0,"1879-1632 calBCE (3442±32 BP, UBA-38241; UBA-37897)",0.053178,0.022411,0.00925244,0.09710356,20142,2.063,0.203,0.0444,44820.0,Pass,SG,False
I20609.AG,Spain_Medieval-oNearEast,"Atrio de Menga (Andalusia, Málaga, Antequera)",Spain,Europe,37.02367,-4.54831,1100.0,700-1000 CE,0.053124,0.012712,0.02820848,0.07803952,33943,2.579,-0.485,0.07667913,77047.0,Pass,AG,False
MGS342.AG,Austria_Avar,"Mödling-An der Goldenen Stiege (Lower Austria, Mödling District)",Austria,Europe,48.08152,16.28535,1225.0,650-800 CE,0.053046,0.022414,0.00911456,0.09697744,15175,2.397,1.245,0.6554,33136.0,Pass,AG,False
NEO551.SG,Ukraine_N,"Vovnihy-1 (Zaporizhia Oblast, Zaporizhia District, Petro-Mykhailivka Municipality)",Ukraine,Europe,48.123,35.098,7589.0,"5741-5626 calBCE (6797±40 BP, UBA-40066)",0.052953,0.016657,0.020305279999999995,0.08560072,38269,3.074,1.338,0.0898,84989.0,Pass,SG,False
LEO127.AG,Austria_Avar,"Leobersdorf (Lower Austria, Baden District)",Austria,Europe,47.916667,16.216667,1225.0,650-800 CE,0.052933,0.01166,0.0300794,0.07578660000000001,49870,3.595,0.219,0.8559,111926.0,Pass,AG,False
I14925.AG,Taiwan_IA,"Blihun site (Eastern Taiwan, Hanben)",Taiwan,East Asia,24.327778,121.765556,1550.0,1-800 CE,0.052648,0.024075,0.005461000000000001,0.09983500000000001,13531,0.228,-0.987,0.02836511,30282.0,Pass,AG,False
Bon001.WGC.SG,Turkey_PPN,"Boncuklu (Konya, Karatay)",Turkey,Europe,38.2153,39.7526,10032.0,8212-7952 calBCE (Ba-120539),0.052592,0.014787,0.023609480000000002,0.08157452,32050,1.444,-0.408,0.08641894,71856.0,Pass,SG,False
poz679.SG,Poland_BA_Trzciniec,"Żerniki Górne-1 (Świętokrzyskie Province, Busko County, Busko-Zdrój)",Poland,Europe,50.465,20.796,3300.0,1600-1100 BCE,0.052515,0.019035,0.015206400000000002,0.0898236,23283,1.408,-1.013,0.0455,51112.0,Pass,SG,False
XAN051_d.AG,Greece_Crete_LBA,Chania (Crete),Greece,Near East / Anatolia,35.5172563,24.0149291,3300.0,1400-1300 BCE,0.052503,0.013322,0.02639188,0.07861412000000001,33192,1.335,-0.162,0.0655,70980.0,Pass,AG,False
Choskar_A.SG,India_Choskar,"Choskar (Ladakh, Kargil District)",India,South Asia,34.403104,76.142296,129.0,"1683-1930 calCE (100±30 BP, Beta-318252)",0.052479,0.014485,0.0240884,0.0808696,29836,3.408,-0.899,0.0602,66966.0,PROVISIONAL_PASS,SG,False
CHN004_alt.AG,Mongolia_Uvs_EIA-4,"Ulaangom (Uvs Province, Ulaangom District, Chandman Uul)",Mongolia,Central Asia / Steppe,49.999824,92.033372,2220.0,"361-170 calBCE (2190±25 BP, PSUAMS-7270)",0.052405,0.021768,0.00973972,0.09507028000000001,15904,2.95,0.359,0.03358569,36248.0,MERGE_PASS,AG,False
cch361.SG,Turkey_Catalhoyuk_MN,"Çatalhöyük (Konya, Çumra)",Turkey,Europe,37.6661,32.8257,8500.0,6600-6500 BCE,0.052367,0.022581,0.008108239999999996,0.09662576,16249,1.962,1.32,0.0312,35276.0,PROVISIONAL_PASS,SG,False
ORD006.SG,Italy_Apulia_IA_b_Daunian,"Herdonia (Apulia, Foggia, Ordona)",Italy,Europe,41.3167,15.633,2576.0,"770-426 calBCE (2476±29 BP, UBA-45174)",0.052332,0.011731,0.029339239999999996,0.07532475999999999,57810,3.756,0.074,0.14012649,127985.0,Questionable,SG,False
I8474.AG,Spain_ImperialRoman-oLocal,"Necrópolis Centre de Visitants (Catalonia, Girona, Empúries)",Spain,Europe,42.133301,3.1083,1800.0,100-200 CE,0.052103,0.018474,0.01589396,0.08831204,21623,1.969,-1.153,0.04475252,48505.0,Pass,AG,False
BOT14.AG,Kazakhstan_Botai_Eneolithic,Botai (Aiyrtau District),Kazakhstan,Central Asia / Steppe,53.303255,67.646395,5337.0,"3517-3111 calBCE (4603±40 BP) [R_Combine: (4598±46 BP, UBA-32662), (4620±80 BP, OxA-4316)]",0.052047,0.010856,0.030769240000000003,0.07332476,51366,3.886,0.242,0.31372133,109354.0,Pass,AG,False
cambridgeshire525.SG,England_Cambridgeshire_Medieval,Cambridgeshire (England),United Kingdom,Europe,52.205,0.1225,700.0,1000-1500 CE,0.052011,0.018933,0.014902320000000004,0.08911968,22059,2.491,0.87,0.0444,49772.0,Pass,SG,False
VK264_d.SG,England_Viking,"Ridgeway Hill Mass Grave (England, Dorset, Weymouth)",United Kingdom,Europe,50.6710879,-2.465799,950.0,950-1050 CE,0.05201,0.009126,0.03412304,0.06989696000000001,71796,4.293,3.13,0.1502,159313.0,Pass,SG,False
Kostenki12.AG.BY.AA,Russia_Kostenki_UP,"Kostenki (Voronezh Oblast, Liskinsky District, Starokhvorostanskoye)",Russia,Europe,51.23,39.3,32650.0,31300-30100 BCE,0.051968,0.018045,0.016599800000000005,0.0873362,21585,3.796,1.436,0.0455,48950.0,Pass,AA,False
I2763.AG,Hungary_LateC_Baden,"Vörs (Somogy County, Marcali)",Hungary,Europe,46.665765,17.270774,5172.0,"3363-3101 calBCE (4528±31 BP, DeA-14662)",0.051961,0.020035,0.0126924,0.0912296,13672,1.318,-0.793,0.02914902,30701.0,Pass,AG,False
UKR052.SG,Ukraine_LIA_Scythian,"Maslyny (Crimea, Crimea )",Ukraine,Europe,45.4044,33.2337,2026.0,150-1 BCE,0.051854,0.01268,0.027001199999999996,0.07670679999999999,23444,3.167,1.112,0.0436,48760.0,Pass,SG,False
BB.K.10.2.AG.SG,Kyrgyzstan_BozBarmak_IA_Saka,"Boz-Barmak (Issyk-Kul Lake, 4 km southeast of Balykchi town)",Kyrgyzstan,Unknown,,,2200.0,400-100 calBCE,0.051603,0.018711,0.014929440000000009,0.08827656,16819,2.833,2.425,0.032,36100.0,PROVISIONAL_PASS,SG,False
poz538.SG,Poland_BA,"Rzemiędzice (Lesser Poland Province, Miechów County, Słaboszów)",Poland,Europe,50.391,20.256,3881.0,"2031-1778 calBCE (3580±35, Poz-104946)",0.051444,0.016376,0.019347039999999996,0.08354096,33175,3.009,-1.035,0.0654,72638.0,Pass,SG,False
cch332.SG,Turkey_Catalhoyuk_LN,"Çatalhöyük (Konya, Çumra)",Turkey,Europe,37.6661,32.8257,8425.0,6500-6450 BCE,0.051281,0.019804,0.012465160000000003,0.09009684,19845,1.47,0.472,0.0386,43478.0,PROVISIONAL_PASS,SG,False
I8527.AG,Turkmenistan_C,"Geoksyur (Ahai Region, Tejen)",Turkmenistan,Caucasus / W. Central Asia,37.1907,61.0343,5050.0,3400-2800 BCE,0.051255,0.021487,0.009140480000000006,0.09336952,15278,0.995,0.185,0.0325367,34098.0,Questionable,AG,False
I1553.AG,Spain_C,"Paris Street (Catalonia, Barcelona, Cerdanyola)",Spain,Europe,41.491944,2.138889,4500.0,2850-2250 BCE,0.051241,0.01925,0.013511000000000002,0.088971,17050,3.024,1.082,0.03689168,38772.0,Pass,AG,False
VK153.SG,Poland_Viking,"Bodzia (Kuyavian-Pomeranian Province, Wrocław County, Brześć Kujawski)",Poland,Europe,52.7,18.9,950.0,900-1100 CE,0.051233,0.014599,0.02261896,0.07984704000000001,37212,2.355,-0.503,0.0832407,82708.0,Pass,SG,False
I27075.AG,Spain_LatePunic,"Calle Mármoles (Andalusia, Málaga)",Spain,Europe,36.7202,-4.4203,2250.0,400-200 BCE,0.051205,0.025481,0.0012622399999999978,0.10114776,15266,2.443,0.151,0.0323316,34584.0,Pass,AG,False
MJ-33.SG,Ukraine_EIA1_ForestSteppe_Scythian-1,"Medvyn-1 (Kyiv Oblast, Bila Tserkva District, Medvyn Municipality)",Ukraine,Europe,49.36677,30.77615,2553.0,"758-416 calBCE (2460±30 BP, Poz-)",0.051189,0.013294,0.025132759999999997,0.07724523999999999,41491,4.722,1.651,0.08667879,93039.0,Pass,SG,False
PCA0225.SG,Poland_IA,"Oblaczkowo (Greater Poland Province, Września County, Września)",Poland,Europe,52.3,17.55,850.0,1000-1200 CE,0.051106,0.011397,0.02876788,0.07344412,43535,2.511,-0.102,0.113,99029.0,Pass,SG,False
NEO120.SG,France_BA,Grotte Mandrin (Rhone-Alpes),France,Europe,44.466,4.766,3314.0,"1516-1301 calBCE (3162±45 BP, UBA-39662)",0.051038,0.013744,0.02409976,0.07797624,43575,3.272,0.342,0.1114,97176.0,Pass,SG,False
I10486.AG,Romania_EBA_Yamnaya,"Glăvănești (Bacău County, Glăvănești)",Romania,Europe,46.2442,27.3975,4703.0,"2876-2631 calBCE (4155±25 BP, PSUAMS-14542)",0.051003,0.019417,0.012945680000000001,0.08906032,17416,3.499,-0.713,0.03740878,39774.0,Pass,AG,False
SAL007.SG,Italy_Apulia_IA_b_IA_c_Daunian,"Salapia (Apulia, Foggia, Cerignola)",Italy,Europe,41.381389,16.02556,2350.0,500-300 BCE,0.050932,0.017722,0.016196879999999997,0.08566712,24385,2.271,-1.284,0.05293233,53023.0,Pass,SG,False
VEN009.AG,Italy_Basilicata_LateAntiquity_Roman,"Venosa (Basilicata, Potenza)",Italy,Europe,40.968228,15.827097,1250.0,600-800 CE,0.050868,0.012538,0.026293519999999997,0.07544247999999999,43873,2.683,1.299,0.10088047,100340.0,Pass,AG,False
poz529_alt1.SG,Poland_BA-Dup,"Świniary Stare-1 (Świętokrzyskie Province, Sandomierz County, Łoniów)",Poland,Europe,50.536,21.53,3899.0,"2026-1886 calBCE (3593±25 BP) [R_Combine: (3610±35, Poz-104952), (3575±35, Poz-104950)]",0.050701,0.013429,0.024380160000000005,0.07702184000000001,38783,3.378,0.485,0.0766,84547.0,MERGE_PASS,SG,False
BerryAuBac.AG,France_HautsdeFrance_Mesolithic,"Berry-Au-Bac (Hauts-de-France Region, Aisne Department, Château-Thierry Arrondissement)",France,Europe,49.24,3.54,7237.0,"5368-5216 calBCE (6325±35 BP, SacA-5455)",0.050687,0.021672,0.008209880000000003,0.09316412,19772,1.687,-0.491,0.0402,44532.0,Pass,AG,False
YPN014.SG,Thailand_IA_LogCoffin,Yappa Nhae 2 (Mae Hong Son Province),Thailand,East Asia,19.60001,98.25,1625.0,200-450 CE,0.050662,0.013471,0.024258839999999997,0.07706516,66380,3.439,-0.291,0.1908,153148.0,Pass,SG,False
KIL019.AG,Ireland_EarlyMedieval,Kilteasheen (Roscommon County),Ireland,Europe,54.00684,-8.202308,950.0,700-1300 CE,0.050402,0.019191,0.012787640000000003,0.08801636,17206,2.987,0.86,0.0565086,36577.0,Pass,AG,False
I0518.AG,England_N,"Banbury Lane (England, Northampton)",United Kingdom,Europe,52.217253,-0.940217,5200.0,3400-3100 BCE,0.050387,0.019232,0.01269228,0.08808172,20491,1.161,1.15,0.04278405,46399.0,Pass,AG,False
I7857.AG,Moldova_Eneolithic,Cimișlia (Cimișlia District),Moldova,Europe,46.53,28.78,5685.0,"3903-3647 calBCE (4965±35 BP, Poz-121047)",0.05037,0.020009,0.01115236,0.08958764,19894,2.67,0.266,0.06117036,43218.0,Pass,AG,False
DA188.SG,Russia_SaltovoMayaki,"Unknown, Veydelevsky (Belgorod Oblast, Veydelevsky District)",Russia,Europe,50.114471,38.300882,1107.0,"709-956 calCE (1187±31 BP, UBA-31236)",0.050282,0.019586,0.011893440000000005,0.08867056,24064,2.265,0.69,0.05897158,52788.0,Pass,SG,False
FRM001.AG,France_Mesolithic,"Farman (Île-de-France, Paris)",France,Europe,48.834,2.2712,9964.0,"8207-7807 calBCE (8849±33 BP) [R_Combine: (8805±40 BP, GrA-45017), (8930±55 BP, GrA-45018)]",0.050223,0.013775,0.023223999999999995,0.077222,48961,3.343,0.853,0.1062,111009.0,Pass,AG,False
PN103.SG,Italy_Novilara_IA_Piceni,"Novilara (Marche, Pesaro e Urbino)",Italy,Europe,43.8587,12.9313,2649.0,750-650 BCE,0.050064,0.015728,0.01923712,0.08089088,37934,3.651,0.877,0.0761,84080.0,Pass,SG,False
